NormalizedPosition,CornerAngle,AverageCornerSpeed,SpeedDelta,DistanceDelta,isOvertakerSoft,isOvertakenSoft,isOvertakerMedium,isOvertakenMedium,isOvertakerHard,isOvertakenHard,isOvertakerWet,isOvertakenWet,isOvertakerIntermediate,isOvertakenIntermediate,OvertakerTyreLife,OvertakenTyreLife,IsOvertakerFreshTyre,IsOvertakenFreshTyre
0.65,0.155195688881337,-1.36596601238376,-0.0847709649669023,-0.42323194966504,1,1,0,0,0,0,0,0,0,0,0.644444465637207,0.711111128330231,0,1
0.55,0.0529014378715956,-0.00718597011303986,-0.199905200634444,-0.42043351638727,0,0,1,1,0,0,0,0,0,0,0.678571403026581,0.666666686534882,1,1
0.5,0.227609770834258,-0.316930404762609,-0.539833137132319,-0.233226594915107,1,1,0,0,0,0,0,0,0,0,0.743589758872986,0.722222208976746,1,1
0.5,0.170358776732335,-0.735150593261829,0.316595270214365,0.064535868831503,0,1,1,0,0,0,0,0,,,,,,
0.6,0.288945824381886,1.25520746543419,-0.402698662961273,-0.339730143808335,1,1,0,0,0,0,0,0,0,0,0.639999985694885,0.222222223877907,1,0
